oppo A1k smartphone ram 3/32GB water drop screen 4G LTE - Merah,Aksesoris termasuk charger, kabel data, earphone, film tempered, soft shell ponsel, pin pengambilan kartu, manual, kotak kemasan,https://images.tokopedia.net/img/cache/500-square/VqbcmM/2021/6/2/462ca218-fd52-4f99-9e31-f17908c3564d.jpg.webp?ect=4g,Rp1.100.000,4.9,smartcellphone3c
Xiaomi Redmi Note 2 Original 2/16GB-Hitam,Putih - Putih,XIAOMI REDMI NOTE 2 RAM 2GB INTERNAL 16GB,https://images.tokopedia.net/img/cache/500-square/VqbcmM/2021/3/24/6d63e988-8fcc-4aa1-9da9-bae473fb9a8d.jpg.webp?ect=4g,Rp475.000,4.7,hp360
veeicee teiseeuoll 2.5geeebi,Respon cepat WA,https://images.tokopedia.net/img/cache/500-square/VqbcmM/2021/4/1/95becfcd-8562-471e-a2d7-e5ddf89ab01b.jpg.webp?ect=4g,Rp8.300,5.0,sonia-group-cell
hp samsung e1272 termurah original jadul samsung lipat dual sim - Hitam,Samsung dual card dual standby ponsel flip 1272,https://images.tokopedia.net/img/cache/500-square/VqbcmM/2021/10/3/270c88ea-ad0e-47d1-a099-9638bc84d220.jpg.webp?ect=4g,Rp153.500,4.6,littlemaster
IPhone 12 Pro Garansi Resmi Ibox - Pasific Blue, 256 gb,Garansi Resmi Apple Indonesia,https://images.tokopedia.net/img/cache/500-square/VqbcmM/2021/11/2/36af7094-eb70-4be9-a55a-6b656ff1e5b2.png.webp?ect=4g,Rp17.799.000,5.0,ptpratamasemesta
SAMSUNG GALAXY A32 5G - NFC - 8GB 128GB 8/128 GARANSI RESMI - Awesome Black,SAMSUNG GALAXY A32 5G 8/128GB,https://images.tokopedia.net/img/cache/500-square/VqbcmM/2021/6/7/6c8e3369-cb6a-4618-a30c-c876cb9ceec1.jpg.webp?ect=4g,Rp3.749.900,4.9,shopyzid
Xiaomi Official Redmi 9A 2/32GB 6.53" HD Mi Smartphone AI Face Unlock - SP Edition Grey,Xiaomi Official Store Garansi Resmi, IMEI Resmi,https://images.tokopedia.net/img/cache/500-square/VqbcmM/2021/11/4/78444df7-860c-43e8-8532-99df262ef276.png.webp?ect=4g,Rp1.299.000,4.9,xiaomi
Xiaomi Mi POCO M3 Pro 5G 4/64GB NFC Triple Kamera Layar Smartphone hp - Cool Blue,POCO M3 Pro 5G,https://images.tokopedia.net/img/cache/500-square/VqbcmM/2021/7/9/0e2172d7-17fc-4ddf-8c03-4e4b3f6a8797.png.webp?ect=4g,Rp2.649.000,4.9,xiaomi
SAMSUNG GALAXY M32 - NFC - 5000mAh - 6GB 128GB 6/128 - Garansi Resmi - Hitam,SAMSUNG GALAXY M32 6/128GB,https://images.tokopedia.net/img/cache/500-square/VqbcmM/2021/7/29/96748ddc-68de-423e-b34b-78818ea0b715.jpg.webp?ect=4g,Rp2.799.900,4.9,shopyzid
iPhone 7 Plus 32GB/128GB ORi 100% second fullset asli Garansi 1 tahun - Merah, 32 gb,-【hanya menerima komplen yang disertai video bukti pembukaan paket】,https://images.tokopedia.net/img/cache/500-square/VqbcmM/2021/8/25/304fb303-334f-4dab-bcad-6c69c2382b07.jpg.webp?ect=4g,Rp3.030.000,4.9,lifetechnology
SAMSUNG Note 20 Ultra 5G 12GB 256GB Note20Ultra 5G Garansi Resmi SEIN - BRONZE 256GB 5G,SAMSUNG Note 20 Ultra 5G 256GB  512GB Note20Ultra Garansi Resmi indonesia SEIN,https://images.tokopedia.net/img/cache/500-square/VqbcmM/2021/12/7/cb2eb6e7-b6a2-457f-bb34-41add7709ed4.jpg.webp?ect=4g,Rp17.299.000,4.9,markazhp
Nokia 5.4 6/64GB - Dusk,Informasi lebih lanjut,https://images.tokopedia.net/img/cache/500-square/VqbcmM/2021/11/29/e3f92eb0-8f77-42db-b51a-2a3c73d05584.jpg.webp?ect=4g,Rp2.799.000,4.9,nokia-mobile
APPLE Iphone 7 128GB/256GB/32GB fullset second mulus 100% original - ROSEGOLD, 32GB,Ready apple iphone 7,https://images.tokopedia.net/img/cache/500-square/VqbcmM/2021/9/2/53dc0194-e028-4ed7-9e2e-4bea35677aad.jpg.webp?ect=4g,Rp2.099.000,5.0,yjbiphone
Apple iPhone New - SWAP Mesin Garansi Full - SE 64GB Red,iPhone SWAP mesin ,https://images.tokopedia.net/img/cache/500-square/VqbcmM/2021/9/12/ee28e965-6fe2-4a9e-b590-d29808684a92.jpg.webp?ect=4g,Rp6.849.000,5.0,ptpratamasemesta
XIAOMI REDMI NOTE 10S RAM 6/64GB GARANSI RESMI TAM TERMURAH - Abu-abu,Fitur :,https://images.tokopedia.net/img/cache/500-square/VqbcmM/2021/6/3/eea13c8c-badc-417b-a7ef-024813222b46.jpg.webp?ect=4g,Rp2.671.000,5.0,hapemallid
SAMSUNG Galaxy A32 [8/128GB] - Garansi Resmi SEIN - Hitam,SAMSUNG Galaxy A32 [8/128GB] - Garansi Resmi SEIN 1 Tahun,https://images.tokopedia.net/img/cache/500-square/VqbcmM/2021/3/19/60faf9c2-07f2-46ee-b13b-02ded807f280.jpg.webp?ect=4g,Rp3.625.000,5.0,rejodadisby
Realme GT Master Edition 5G 8/256 Ram 8GB Internal 256GB Garansi Resmi - Blue,100% Garansi Resmi Realme Indonesia,https://images.tokopedia.net/img/cache/500-square/VqbcmM/2021/8/31/377cdf0d-d808-41a3-a2b4-6f21a473a448.png.webp?ect=4g,Rp5.289.000,5.0,kreasindoonline
Samsung Galaxy A12 6/128Gb - Grs resmi Sein - Biru,Samsung Galaxy A12 6/128Gb,https://images.tokopedia.net/img/cache/500-square/VqbcmM/2021/1/5/51794181-b9cd-4dbd-8e40-add2e396436d.jpg.webp?ect=4g,Rp2.349.000,5.0,pluto-olhp
iPhone Xr 128GB SECOND DUAL SIM ORIGINAL fullset no minus All operator - Kuning,null,https://images.tokopedia.net/img/cache/500-square/VqbcmM/2021/8/19/85f89107-dba0-4609-a9b2-41f7d1fd0a01.jpg.webp?ect=4g,Rp5.898.000,5.0,yjbiphone
IPHONE XR 64GB SECOND EX INTER LIKE NEW ORIGINAL 100% BERGARANSI - Black, 128 gb,**BARANG YANG KAMI JUAL SUPPORT ALL PROVIDER ANTI BLOKIR SIGNAL**,https://images.tokopedia.net/img/cache/500-square/VqbcmM/2021/12/5/c43404ff-14f7-4076-8d7a-f32bd9336e6d.jpg.webp?ect=4g,Rp5.750.000,5.0,yjbiphone
Sony Xperia Xz Premium 64gb Seken Mulus Orignal - 97%NO WSPOT, BTGAN HP AJA,	,https://images.tokopedia.net/img/cache/500-square/VqbcmM/2021/11/29/a510a1b0-b0cd-43bc-8e94-cd07f6e56e99.jpg.webp?ect=4g,Rp1.350.000,4.9,goldencitycell
APPLE IPHONE 6S PLUS 64GB NEW BARU FU GSM LTE ORIGINAL GARANSI 1 TAHUN - SPACE grey,SELAMAT DATANG DI TOKO KAMI ❤️❤️❤️❤️❤️❤️,https://images.tokopedia.net/img/cache/500-square/VqbcmM/2021/9/17/168fb4e1-0ba3-49fa-af35-eb63340d3952.jpg.webp?ect=4g,Rp2.599.000,5.0,abc-store88
Realme 8 Pro 6.4inch Display, 108MP Quad Camera, 50W Fast Charging - Black,Mau order Cemilan Kuaci TARUS nya juga ? Kita ada kok :D . Langsung cek link ini ya :),https://images.tokopedia.net/img/cache/500-square/VqbcmM/2021/8/1/d0bccb8c-c573-442f-8714-42f0c5788304.jpg.webp?ect=4g,Rp3.746.000,5.0,evogad
Apple iPhone SE 2 2020 64GB 128GB 256GB / 64 128 256 Black White Red - RESMI INTER, 64GB White,Aksesoris Pendukung : ,https://images.tokopedia.net/img/cache/500-square/product-1/2021/4/7/5248060/5248060_8d812a63-722d-4fba-8dc3-6746cf31af23.jpeg.webp?ect=4g,Rp5.950.000,4.9,studioponsel
Samsung Galaxy A22 4G 6/128 RAM 6GB ROM 128GB GARANSI RESMI - BLACK,Dibawah ini link extra dus dan extra bubble agar pengiriman paket aman sampe tujuan :,https://images.tokopedia.net/img/cache/500-square/VqbcmM/2021/6/30/8cf7d2f5-512e-459b-9386-f3025eaee853.jpg.webp?ect=4g,Rp2.828.000,5.0,premiumofficial
SAMSUNG A12 RAM 6 128 RAM 4 128 GARANSI RESMI - RAM 4 128,CHAT DULU SEBELUM PEMBAYARAN!!!(CHAT AKTIF JAM 9:00-20:00WIB),https://images.tokopedia.net/img/cache/500-square/VqbcmM/2021/1/8/c9e911c9-1c39-4b2a-b9f5-787be692941a.jpg.webp?ect=4g,Rp2.148.000,5.0,btc888
SAMSUNG GALAXY M02 - 5000mAh Battery - 2GB 32GB 2/32 - Garansi Resmi - BiruTanpaBonus,SAMSUNG GALAXY M02 2/32GB,https://images.tokopedia.net/img/cache/500-square/VqbcmM/2021/2/24/fb8f1631-7a2a-49f3-aaab-ffb44f7a666d.jpg.webp?ect=4g,Rp1.309.900,4.9,shopyzid
hp nokia 1280 fullset murah garansi tam jadul nokia single sim - Hitam,Perangkat Nokia 1280,https://images.tokopedia.net/img/cache/500-square/VqbcmM/2021/10/3/1b5a8733-2708-4ea3-a342-90462f40ad91.jpg.webp?ect=4g,Rp94.000,4.5,miken-1
IPHONE 13 PRO MAX 128GB GARANSI RESMI IBOX - Gold,GARANSI RESMI IBOX 1 TAHUN,https://images.tokopedia.net/img/cache/500-square/VqbcmM/2021/11/25/9f9e11af-7fbe-4538-b6ce-d70c8215f428.jpg.webp?ect=4g,Rp20.499.000,null,jkt-phone
Apple iPhone XR 64gb\128gb MULUS 99% Fullset 3Utools ijo like new - Orange, 64 gb,-【hanya menerima komplen yang disertai video bukti pembukaan paket】,https://images.tokopedia.net/img/cache/500-square/VqbcmM/2021/9/29/8514c3c4-ae23-48b2-be1d-3caef39a67cb.jpg.webp?ect=4g,Rp4.820.000,4.9,lifetechnology
Realme c21y 4/64 garansi resmi baru - hitam no repack,Realme C21Y Garansi Resmi Ram 4/64. Baru,https://images.tokopedia.net/img/cache/500-square/VqbcmM/2021/12/16/9c0e1401-c052-4781-b939-0c850109e521.jpg.webp?ect=4g,Rp1.670.000,4.9,hokyshop899
Realme 8 8/128 RAM 8GB Internal 128GB Garansi Resmi Realme Indonesia - Hitam,Garansi Resmi Realme Indonesia,https://images.tokopedia.net/img/cache/500-square/VqbcmM/2021/9/2/982fc5b3-f052-41ec-81a4-b0c3a1712a47.png.webp?ect=4g,Rp3.232.000,5.0,sfoneomnistore
XIAOMI POCOPHONE POCO M3 PRO 5G NFC - 6GB 128GB 6/128 - DIMENSITY 700 - Cool Blue,XIAOMI POCOPHONE POCO M3 PRO 5G 6/128GB,https://images.tokopedia.net/img/cache/500-square/VqbcmM/2021/6/30/0b709be0-edc6-4b3e-96c4-767a7382f17e.jpg.webp?ect=4g,Rp3.049.900,4.9,shopyzid
Samsung Galaxy A32 Garansi Resmi - 6/128GB,Body Dimensi,https://images.tokopedia.net/img/cache/500-square/VqbcmM/2021/7/15/755e2153-1f26-4c52-a903-fc00475da9db.jpg.webp?ect=4g,Rp3.410.000,5.0,metacore
OPPO Reno 4F / Reno 4F 8/128GB Garansi Resmi Oppo Reno4 F 8 GB 128 GB - Non Bundle,Tersedia juga aksesoris kompatible dengan produk ini:,https://images.tokopedia.net/img/cache/500-square/VqbcmM/2021/11/24/e24aa2dd-4729-4600-b3d2-764af4581371.jpg.webp?ect=4g,Rp3.207.000,4.9,distriponsel
Samsung Galaxy A12 6/128GB - Garansi Resmi SEIN - Biru,Samsung Galaxy A12 6/128Gb,https://images.tokopedia.net/img/cache/500-square/VqbcmM/2021/7/22/96b55cce-b90e-492f-8830-49b5d74c5413.png.webp?ect=4g,Rp2.349.000,5.0,wahanaselular
APPLE IPHONE X 64GB LTE 4G GSM NEW BARU ORIGINAL FU GARANSI 1 TAHUN - SILVER,Apple iPhone X Smartphone [64 GB] merupakan smartphone yang memiliki 5.8 Inch Retina HD Display dengan HDR dan True Tone. Disisi lain, untuk memberikan warna-warni layar yang lebih akurat maka Apple memilih jenis Layar OLED agar tingkat kecerahan dan kontrasnya terlihat lebih memukau. Selain itu, pada tampilan depan layar iPhone X terdapat ruang kecil yang didalamnya terdapat beberapa modul canggih yang dikembangkan oleh Apple.,https://images.tokopedia.net/img/cache/500-square/VqbcmM/2021/9/17/b7525ca0-df94-4e0b-a054-50c76a570e59.jpg.webp?ect=4g,Rp5.100.000,4.9,abc-store88
New ipod Touch 2019 Gen 7 Product 32GB - BLUE MVHU2 - 16 gb,READY STOK,https://images.tokopedia.net/img/cache/500-square/VqbcmM/2021/2/26/d48ed2a8-6ad3-44be-85f2-793290c5fcbc.jpg.webp?ect=4g,Rp1.999.000,5.0,juragankomp
Samsung Galaxy A52s 5G 8GB/256GB - Violet,Samsung Galaxy A52s 5G 8GB/256GB ,https://images.tokopedia.net/img/cache/500-square/VqbcmM/2021/10/1/5c26dc78-b59c-4726-bdd9-3fcc38b196fe.jpg.webp?ect=4g,Rp6.499.000,4.9,samsung
Apple iPhone 13 Pro 13Pro 128GB 256GB 512GB 1TB 128 256 512 GB 1 TB - 128GB, GOLD,KENAPA HARUS BELI SAMA Choco Apple?,https://images.tokopedia.net/img/cache/500-square/VqbcmM/2021/9/16/cb124870-280e-4c1d-b61b-9a1775dc8d0a.jpg.webp?ect=4g,Rp19.000.000,4.8,chocoapple
Samsung Galaxy A32 8/128 - RAM 8GB / ROM 128GB - Garansi Resmi - Awesome Black,null,https://images.tokopedia.net/img/cache/500-square/VqbcmM/2021/7/26/906b47a9-50ff-4011-b941-31c02c73656a.jpg.webp?ect=4g,Rp3.669.000,5.0,h2cell
Xiaomi Redmi 9C 3/32 - 4/64 Garansi Resmi - 3/32 GB,READY STOK,https://images.tokopedia.net/img/cache/500-square/VqbcmM/2021/7/22/e74fe03c-be26-40e1-9b07-57ec5799f8b7.jpg.webp?ect=4g,Rp2.527.000,5.0,metacore
Advan G5 Elite Ram 3gb Rom 16gb Garansi Resmi - NON GIFT,HI selamat datang di toko kami :) ,https://images.tokopedia.net/img/cache/500-square/VqbcmM/2021/6/17/b1aa05d1-6259-40a3-9147-7b7fb7eb278d.jpg.webp?ect=4g,Rp930.000,4.9,alfastore-1
iphone xs 64gb second mulus ex internasional fullset - Grey,DIBACA DAHULU YA GAN SEBELUM MEMBELI ^_^,https://images.tokopedia.net/img/cache/500-square/product-1/2020/7/16/1725596/1725596_6b6073a9-99a6-419f-aea9-591228df873b_1512_1512.jpg.webp?ect=4g,Rp4.865.000,4.9,phoneplusshop
Evercoss Xtream 1 (S45) - Biru Muda,KENAPA HARUS BELI DI OFFICIAL STORE!!!,https://images.tokopedia.net/img/cache/500-square/VqbcmM/2021/6/8/8416a776-a2f5-42fb-b5b6-63699ff680da.jpg.webp?ect=4g,Rp489.000,4.9,evercoss
SAMSUNG Galaxy A52 [8/128GB] - Garansi Resmi SEIN - Blue,Ready SAMSUNG Galaxy A52 [8/128GB] - Garansi Resmi SEIN,https://images.tokopedia.net/img/cache/500-square/VqbcmM/2021/4/7/cbe3c705-6fd8-4a78-be9d-cbe9a51dcff6.jpg.webp?ect=4g,Rp4.999.000,5.0,rejodadisby
Oppo A37 2GB/16GB - Garansi - Gold grs 1 thn,ORIGINAL 10000%,https://images.tokopedia.net/img/cache/500-square/VqbcmM/2021/4/4/151d2e99-ff4f-4365-8e23-f13ab26cede8.jpg.webp?ect=4g,Rp578.000,4.7,007shop-n
IPHONE 12 PRO MAX 3G ULTIMATE FS HDC - Putih, 16 gb,Spesifikasi Real :,https://images.tokopedia.net/img/cache/500-square/VqbcmM/2021/4/15/af035771-47c9-421e-9f7d-3f5805a5a0df.jpg.webp?ect=4g,Rp1.700.000,4.9,wtteknologi
NOKIA 150 2020 FEATURE PHONE GARANSI RESMI TERMURAH - Hitam,Nokia 150 (2020) (Red, 4 MB)merupakan handphone dengan layar 2.4 Inch yang didesain dengan tombol ergonomis. Memiliki baterai yang tahan lama. Dilengkapi dengan fitur kamera VGA + flash, Radio FM & pemutar MP3.,https://images.tokopedia.net/img/cache/500-square/VqbcmM/2020/9/17/6a4023b5-2b86-47e7-be42-32dc9aa2c685.jpg.webp?ect=4g,Rp422.300,4.9,hapemallid
OPPO A54 RAM 4/64 GB GARANSI RESMI OPPO INDONESIA - Demo Tanpa Dus,NEW ARIVAL OPPO A54 RAM 4/64 GB GARANSI 1 TAHUN  RESMI OPPO INDONESIA,https://images.tokopedia.net/img/cache/500-square/VqbcmM/2021/4/21/fe750dee-a3e5-495f-a052-9f5afd4009db.jpg.webp?ect=4g,Rp1.929.000,4.9,grandstorecell
OPPO A37 2/16GB - 2/16 - Gold,GARANSI RESMI DISTRIBUTOR 1 TAHUN.,https://images.tokopedia.net/img/cache/500-square/VqbcmM/2021/6/5/e24a74f0-22ff-4581-a8c2-4b39efd2c2e0.jpg.webp?ect=4g,Rp579.000,4.7,dafu99
SAMSUNG GALAXY A02 3/32GB 3/32 3 32 GARANSI RESMI SEIN RAM 3GB - Penyok,READY BNIB, SEGEL, NEW,https://images.tokopedia.net/img/cache/500-square/VqbcmM/2021/12/9/f9c32b39-392f-404c-aa00-636add3953c7.jpg.webp?ect=4g,Rp1.425.000,5.0,w-solution
Realme 8 8/128GB NFC Garansi Resmi - Silver,SPESIFIKASI :,https://images.tokopedia.net/img/cache/500-square/VqbcmM/2021/4/13/e647a8a3-b49a-4384-9374-8c8ec9ddcad1.png.webp?ect=4g,Rp3.250.000,4.9,best-phone-cell
SAMSUNG Galaxy A32 RAM 6/128GB 64MP Camera Batt 5000mAh Garansi Resmi - Awesome Black,Prosesor,https://images.tokopedia.net/img/cache/500-square/VqbcmM/2021/10/25/9e02756b-4dc6-46d8-b491-d2251fc900ba.jpg.webp?ect=4g,Rp3.450.000,5.0,rajaponsel
Samsung S20 FE 8/256 GB Galaxy Fan Edition RAM 8 ROM 256 Kamera 4K - Red, Non Bundling,Spesifikasi Produk,https://images.tokopedia.net/img/cache/500-square/VqbcmM/2021/7/16/be0dad27-f468-45f9-9282-3043d46b549d.jpg.webp?ect=4g,Rp7.500.000,4.9,supergadgettt
iPhone 12 Pro / ProMax Max 128gb 128 Graphite Silver Gold Blue iBox - 12 Pro inter, Silver,READY STOCK IPHONE 13 ,https://images.tokopedia.net/img/cache/500-square/product-1/2021/4/7/5248060/5248060_b05bed57-10bb-415d-b3ad-9d4765f04651.jpeg.webp?ect=4g,Rp17.000.000,4.9,studioponsel
HP Xiaomi POCO F3 6/128GB NFC Garansi TAM ( NO REPACK ) - Biru,SEMUA XIAOMI PRISMA ROXY = NO REPACK, ORIGINAL FRESH BNIB !!!,https://images.tokopedia.net/img/cache/500-square/VqbcmM/2021/6/5/949ffa84-80a3-4d05-9f98-fd4d89767894.jpg.webp?ect=4g,Rp4.775.000,5.0,prismaroxy
Samsung Galaxy A32 5G 8/128GB NEW Original Garansi SEIN - Awesome Black,SAMSUNG GALAXY A32 5G (5th Generation) 8/128GB,https://images.tokopedia.net/img/cache/500-square/VqbcmM/2021/8/13/2a2209f0-a124-41de-8920-06133b1f9123.jpg.webp?ect=4g,Rp3.675.000,5.0,sugarquinns
iPhone 11 SECOND - Red, 64 gb,SELAMAT DATANG DI KEY PHONE CELLULAR,https://images.tokopedia.net/img/cache/500-square/VqbcmM/2021/3/9/4d2ab9ff-d78b-4e4c-905b-d4590e6a3a84.jpg.webp?ect=4g,Rp6.500.000,4.9,keyphonec
Samsung Galaxy A32 6/128 RAM 6GB ROM 128GB GARANSI RESMI SEIN - BLACK,GARANSI RESMI SAMSUNG INDONESIA,https://images.tokopedia.net/img/cache/500-square/VqbcmM/2021/3/20/e8000777-2ce6-4c20-9c12-137928400a8e.jpg.webp?ect=4g,Rp3.449.000,5.0,premiumofficial
iPhone 8 Plus 64GB/256GB Second ORi 100% - Space Grey, 64 gb,DIJAMIN MULUS !!! ,https://images.tokopedia.net/img/cache/500-square/VqbcmM/2020/12/21/30230a5e-3824-4c73-9e26-e6ba73afa703.jpg.webp?ect=4g,Rp4.350.000,5.0,canaanfamily
Realme C21Y 4/64 RAM 4GB ROM 64GB NEW GARANSI RESMI - Hitam,Selamat datang di toko online kami..,https://images.tokopedia.net/img/cache/500-square/VqbcmM/2021/9/7/e2b9393d-a5e8-4660-84a0-b69958832184.jpg.webp?ect=4g,Rp1.679.000,4.9,aqeelacell
iPhone 11 Pro SECOND - Space Gray, 64 gb,Selamat Datang di Key Phone Cellular,https://images.tokopedia.net/img/cache/500-square/VqbcmM/2021/2/22/4b3ab9c5-89d9-4423-a2f0-90860c04d466.jpg.webp?ect=4g,Rp8.100.000,5.0,keyphonec
iPhone XS MAX 64GB Bekas Original Normal Mulus Fullset - Abu-abu, 64gb,Selamat Datang Di Toko AS CELLULAR ,https://images.tokopedia.net/img/cache/500-square/VqbcmM/2021/11/6/e91d4877-8c53-4473-86a3-daad411322f5.jpg.webp?ect=4g,Rp5.368.000,4.9,ascell88
XIAOMI REDMI NOTE 10S 8/128 GARANSI RESMI - GREY,NOTE : DI JAMIN FRESH NO REPACK,https://images.tokopedia.net/img/cache/500-square/VqbcmM/2021/6/8/15fd834e-8d5e-4486-a401-a1ce7295de2d.jpg.webp?ect=4g,Rp3.055.000,5.0,gardencell
Samsung A52 8/256 [Ram 8gb Rom 256gb] Hitam Garansi Resmi free Gift - Hitam, A52 Ram 8/128gb,Spesifikasi Samsung A52,https://images.tokopedia.net/img/cache/500-square/VqbcmM/2021/3/26/a37ac679-cd2a-4a13-9412-07738738555d.jpg.webp?ect=4g,Rp4.899.000,4.9,diarishop-1
Apple iPhone 12 Pro Max 512GB 256GB 128GB - Pacific Blue Graphite Gold - Pacific Blue, 128 gb,Ready Stock!,https://images.tokopedia.net/img/cache/500-square/VqbcmM/2021/8/13/29576921-ada2-4e9a-8db8-38c5855d6ddc.png.webp?ect=4g,Rp17.815.000,5.0,grenpeelstore
OPPO RENO 5F 8/128GB GARANSI RESMI OPPO INDONESIA - Hitam,OPPO Reno5 F ,https://images.tokopedia.net/img/cache/500-square/VqbcmM/2021/4/5/e0419d5f-5f63-4abe-b368-95ef24e6b25e.jpg.webp?ect=4g,Rp3.475.000,5.0,smartcell123
OPPO RENO 4F RAM 8/128 GB GARANSI RESMI OPPO INDONESIA - demo tanpa dus,NEW ARRIVAL!!!,https://images.tokopedia.net/img/cache/500-square/VqbcmM/2020/10/15/02e1246b-eae6-4bad-a967-8973d67ba9cb.png.webp?ect=4g,Rp2.629.900,5.0,189-cell
Samsung Galaxy A52 8/256 - RAM 8GB / ROM 256GB - Garansi Resmi - Awesome Black,Garansi Resmi SEIN ,https://images.tokopedia.net/img/cache/500-square/VqbcmM/2021/12/23/921ffe21-d95c-4146-a178-61ab815573be.jpg.webp?ect=4g,Rp5.135.000,5.0,h2cell
Hp Samsung A02 3/32 garansi resmi - Random,note: Disarankan menggunakan asuransi, jika tidak pakai asuransi, menjadi tanggung jawab pembeli jika ada kendala,https://images.tokopedia.net/img/cache/500-square/VqbcmM/2021/4/11/bd877d9f-7d66-49dc-8fac-8628982bf9f3.jpg.webp?ect=4g,Rp1.445.000,4.9,rosapower
IPHONE 7PLUS 128 GB GARANSI PLATINUM 1 TAHUN - Red,Selamat datang di CocoStore,https://images.tokopedia.net/img/cache/500-square/VqbcmM/2021/2/22/e8862784-4baf-4200-9320-629fb0be35e3.jpg.webp?ect=4g,Rp3.528.000,5.0,cocoaplestore
VIVO V20 RAM 8/128 GB GARANSI RESMI VIVO INDONESIA - demo tanpa dus,Updated:,https://images.tokopedia.net/img/cache/500-square/VqbcmM/2020/10/5/44ef8188-6dd1-4caa-b157-fe68c93a3232.png.webp?ect=4g,Rp2.599.900,4.8,189-cell
xiaomi redmi 9c 3/32 resmi,resmi dan norepack. ,https://images.tokopedia.net/img/cache/500-square/VqbcmM/2021/1/12/6332f146-b0e3-4ee7-9596-96cd823498c9.jpg.webp?ect=4g,Rp1.480.000,5.0,onestore123-1
iPhone Xs 256gb 256 second original kondisi mulus bergaransi - Hitam,READY IPHONE XS 256GB FULLSET NORMAL NO MINUS,https://images.tokopedia.net/img/cache/500-square/VqbcmM/2021/11/6/10827f0b-8993-48d8-ba31-bc6580623672.jpg.webp?ect=4g,Rp5.683.000,4.9,ascell88
Redmi 9C RAM 3/32 - Random,Redmi 9c RAM 3/32 No Repack BNIB ,https://images.tokopedia.net/img/cache/500-square/VqbcmM/2021/11/26/77fced7c-a4b5-4017-aa44-86593fca3b76.jpg.webp?ect=4g,Rp1.495.000,5.0,afkarina-1
Realme C15 Ram 4 Rom 64 GB Smartphone 4/64 GB Garansi Resmi Realmi - Silver Seagull,ŔEALME C15 RAM 4/64 GB ,https://images.tokopedia.net/img/cache/500-square/product-1/2020/8/24/2014105/2014105_9204874e-fea1-42e3-abf7-d6021628b01a_1080_1080.jpg.webp?ect=4g,Rp1.895.000,4.9,wahanaacesories
OPPO A15S RAM 4/64 GB GARANSI RESMI OPPO INDONESIA - Demo Tanpa Dus,NEW ARIVAL OPPO A15S RAM 4/64 GB GARANSI 1 TAHUN  RESMI OPPO INDONESIA,https://images.tokopedia.net/img/cache/500-square/VqbcmM/2021/2/21/8845608f-e7a9-47df-a66a-444605282576.jpg.webp?ect=4g,Rp1.599.000,4.9,heroponsell
Realme C21Y 4/64GB Garansi Resmi - Hitam,Spesifikasi,https://images.tokopedia.net/img/cache/500-square/VqbcmM/2021/8/20/c0c560ca-ef5f-4398-968e-1d2c688c4611.jpg.webp?ect=4g,Rp1.691.000,5.0,best-phone-cell
Poco X3 Pro 6/128 GB - 8/256 GB Snapdragon 860 Garansi Resmi Xiaomi - PHANTOM BLACK, 6/128 GB,null,https://images.tokopedia.net/img/cache/500-square/VqbcmM/2021/7/26/88eb1d9a-9a26-4145-a705-038ca7885202.jpg.webp?ect=4g,Rp3.355.000,5.0,cahayaoriginal
Apple iPhone 6 128GB 64GB 32GB 16GB Grey Silver Rose Gold BerGaransi - 16GB, SECOND INTER,BARANG YG KAMI JUAL ADALAH SECOND DENGAN KUALITAS TERBAIK YG SUDAH MELALUI PROSES QUALITY CONTROL,https://images.tokopedia.net/img/cache/500-square/VqbcmM/2021/12/7/9f4abae0-09ee-4c90-b586-91f4b9c00832.jpg.webp?ect=4g,Rp1.425.000,4.8,bintarocellular
REALME C21Y RAM 3/32 GB | C21Y 3/32 | C21Y 4/64 GARANSI RESMI REALME - demo tanpa dus, 3/32 GB,NEW ARRIVAL ,https://images.tokopedia.net/img/cache/500-square/VqbcmM/2021/10/8/e5f39dda-b1cf-4259-9c5b-3eb4c682997c.jpg.webp?ect=4g,Rp1.179.900,4.9,happyponsell
Samsung Galaxy S21 5G 8/256 - RAM 8GB / ROM 256GB - Garansi Resmi - Phantom Violet,Untuk Kepala Charger kita juge menyediakannya.. bisa diklik link dibawah,https://images.tokopedia.net/img/cache/500-square/VqbcmM/2021/3/17/bb87a930-2bf3-4967-a764-d6a42fa98afd.jpg.webp?ect=4g,Rp11.999.000,5.0,h2cell
Xiaomi Redmi 9C 3/32 GB Garansi Resmi 3GB / 32 GB - Biru,null,https://images.tokopedia.net/img/cache/500-square/VqbcmM/2020/9/27/2ca74deb-497b-4fec-8aed-11ee03361820.jpg.webp?ect=4g,Rp1.504.888,5.0,flowereve
Oppo A54 6/128 RAM 6GB Internal 128GB Garansi Resmi Oppo Indonesia - Blue,Garansi Resmi Oppo Indonesia,https://images.tokopedia.net/img/cache/500-square/VqbcmM/2021/10/20/240bd1eb-a27c-4a63-9673-b8294ff97f34.jpg.webp?ect=4g,Rp2.833.000,5.0,votevip
DALILL BOLDD,hrga per slopp isi 10 bngks x 20 btang,https://images.tokopedia.net/img/cache/500-square/VqbcmM/2021/4/27/d1813484-9660-4624-a2a1-87fd796a3a05.jpg.webp?ect=4g,Rp47.000,4.8,pusatrokokmurah
OPPO A74 RAM 6/128 GB GARANSI RESMI OPPO INDONESIA - demo tanpa dus, 4G,NEW ARRIVAL!!!,https://images.tokopedia.net/img/cache/500-square/VqbcmM/2021/4/22/659190bf-fe16-434d-8bf1-19fb0d332d1a.jpg.webp?ect=4g,Rp2.259.900,5.0,189-cell
Vivo V20SE Ram 8gb 128gb new garansi resmi - Biru,Vivo V20SE New 100%,https://images.tokopedia.net/img/cache/500-square/VqbcmM/2021/2/17/9e3c6dc5-c765-463a-84c9-5f06c2a4d78d.jpg.webp?ect=4g,Rp2.990.000,4.8,rnr307
Samsung Galaxy M02 2/32 G0aransi Resmi Samsung indonesia (SEIN) - Biru,Samsung Galaxy M02 2G/32GB ,https://images.tokopedia.net/img/cache/500-square/VqbcmM/2021/2/18/7575af3c-f121-455d-9c67-65436bbb8f52.jpg.webp?ect=4g,Rp1.285.000,5.0,lsellular
OPPO A12 RAM 3/32 GB GARANSI RESMI OPPO INDONESIA - Demo Tanpa Dus,NEW ARIVAL OPPO A12 RAM 3/32 GB GARANSI RESMI OPPO INDONESIA,https://images.tokopedia.net/img/cache/500-square/product-1/2020/4/21/1478616/1478616_4dc67b71-4460-4e5d-b376-64ec003a0897_1080_1080.jpg.webp?ect=4g,Rp1.299.000,4.9,grandstorecell
OPPO RENO 5 RAM 8/128 GB GARANSI RESMI OPPO INDONESIA - demo tanpa dus, reno5 4G,NEW ARRIVAL!!!,https://images.tokopedia.net/img/cache/500-square/VqbcmM/2021/1/20/9bedc799-f56b-4b3f-872e-f4adcdf3aa87.png.webp?ect=4g,Rp3.399.900,4.7,happyponsell
Iphone 12 64GB 128GB second bekas original fullset - Black, 64 gb,✨Rata-rata masih ada garansi apple hingga tahun 2022. Harap tanya stok terlebih dahulu utk unit garansi,https://images.tokopedia.net/img/cache/500-square/VqbcmM/2021/11/23/5d3c6609-f3f0-469a-82b7-bef1e737baa1.jpg.webp?ect=4g,Rp9.750.000,5.0,gloryphoneindonesia
SAMSUNG GALAXY A12 6/128 GB GARANSI RESMI SAMSUNG INDONESIA - BLACK,Mohon untuk baca deskripsi terlebih dahulu !!!,https://images.tokopedia.net/img/cache/500-square/VqbcmM/2021/2/23/f1a4473a-5788-4843-a926-4d811ae18783.jpg.webp?ect=4g,Rp2.369.000,4.9,starshopv
iPhone 6s Plus 128GB 64GB 32GB 16GB Resmi iBox FULLSET, not 6 - Ex-Inter, 16GB,BARANG YG KAMI JUAL ADALAH SECOND DENGAN KUALITAS TERBAIK YG SUDAH MELALUI PROSES QUALITY CONTROL,https://images.tokopedia.net/img/cache/500-square/VqbcmM/2021/9/17/1c1d53a5-d9af-4f45-bfde-2a6e51e85532.jpg.webp?ect=4g,Rp2.250.000,4.9,bintarocellular
Vivo V21 5G 44MP OIS Selfie Camera, 4000 mAh Battery, 6.44" Display - Sunset Dazzle,Varian :,https://images.tokopedia.net/img/cache/500-square/VqbcmM/2021/11/30/aabdfffc-541a-42d7-85a6-82c97bd28246.jpg.webp?ect=4g,Rp4.529.000,4.9,evogad
samsung a32 8/128 5G. garansi resmi. - Putih,Samsung A32 5G ram 8/128 . garansi resmi sein,https://images.tokopedia.net/img/cache/500-square/VqbcmM/2021/6/5/68a9106a-857e-47d9-95c4-5f4de9584ff5.jpg.webp?ect=4g,Rp3.650.000,5.0,amarina
Samsung Galaxy A32 5G 8GB/128GB New 5G version A 32 8/128Gb 128 Resmi - Hitam,Menerima Cicilan / Kredit TANPA Kartu Kredit Untuk Cicilan 0 % Bisa langsung Attach Via Tokped dan Jika ingin cek langsung bisa chat kami dan Bisa cek langsung di store kami,https://images.tokopedia.net/img/cache/500-square/VqbcmM/2021/5/31/a9cdb8d7-b91a-4abd-964a-16611312b3d5.jpg.webp?ect=4g,Rp3.775.000,4.9,miworldhome
iPhone 64GB 128GB 256GB 12 - Blue Green White Black Red 64 128 256 - IBOX 64GB, Purple,ORDER iPhone 13 disini,https://images.tokopedia.net/img/cache/500-square/VqbcmM/2021/6/13/9700c58e-74f0-4fe0-af74-eba94f48ff51.jpg.webp?ect=4g,Rp12.500.000,5.0,putragroup
IPHONE 7PLUS 32GB 128GB SECOND LIKE NEW MULUS 99% GARANSI TOKO - 128 gb, WHITE,**BACA DESKRIPSI DENGAN TELITI SEBELUM MEMBELI**,https://images.tokopedia.net/img/cache/500-square/VqbcmM/2021/6/21/87ef3524-530d-410e-bd31-b9618d78cc3b.jpg.webp?ect=4g,Rp3.525.000,4.9,millennialphonestore
Poco M3 6/128gb Garansi Resmi Xiaomi Baru dan Segel Dos - Kuning, 4/64gb,Harap chat sebelum order untuk menanyakan ketersediaan stok dan warna.,https://images.tokopedia.net/img/cache/500-square/VqbcmM/2021/1/26/a16efdf8-b081-4176-adc6-7fe2740cbdec.jpg.webp?ect=4g,Rp2.199.000,5.0,hpselular
